file_name,predicted_class
7234.wav,siren
4712.wav,air_conditioner
5027.wav,drilling
6972.wav,air_conditioner
3342.wav,dog_bark
7422.wav,children_playing
7887.wav,street_music
7312.wav,air_conditioner
3995.wav,children_playing
6678.wav,children_playing
2622.wav,children_playing
2183.wav,dog_bark
424.wav,children_playing
5525.wav,dog_bark
3284.wav,engine_idling
5155.wav,dog_bark
4042.wav,engine_idling
7840.wav,dog_bark
8688.wav,engine_idling
6124.wav,engine_idling
6350.wav,engine_idling
7640.wav,engine_idling
5156.wav,engine_idling
8394.wav,dog_bark
7267.wav,engine_idling
6069.wav,dog_bark
8153.wav,dog_bark
7097.wav,engine_idling
8545.wav,engine_idling
3553.wav,engine_idling
3327.wav,dog_bark
743.wav,engine_idling
6267.wav,children_playing
6438.wav,engine_idling
8731.wav,air_conditioner
4387.wav,dog_bark
8178.wav,drilling
2670.wav,drilling
1693.wav,children_playing
290.wav,dog_bark
8169.wav,engine_idling
4558.wav,drilling
2772.wav,engine_idling
5700.wav,siren
4642.wav,air_conditioner
6114.wav,street_music
4150.wav,dog_bark
5372.wav,siren
7496.wav,dog_bark
5849.wav,dog_bark
6997.wav,dog_bark
7973.wav,children_playing
4339.wav,drilling
5527.wav,dog_bark
756.wav,drilling
2131.wav,children_playing
7663.wav,children_playing
5737.wav,children_playing
4936.wav,children_playing
5079.wav,car_horn
546.wav,car_horn
5580.wav,children_playing
6699.wav,drilling
5105.wav,children_playing
2059.wav,drilling
7643.wav,children_playing
6225.wav,children_playing
4738.wav,children_playing
1505.wav,car_horn
458.wav,children_playing
3356.wav,children_playing
6501.wav,children_playing
243.wav,children_playing
681.wav,drilling
2266.wav,children_playing
4817.wav,street_music
8164.wav,drilling
4507.wav,children_playing
7043.wav,children_playing
8668.wav,drilling
4034.wav,children_playing
3228.wav,children_playing
6743.wav,children_playing
7849.wav,street_music
2748.wav,dog_bark
962.wav,street_music
4620.wav,street_music
6625.wav,drilling
199.wav,children_playing
582.wav,street_music
7660.wav,street_music
2947.wav,drilling
3974.wav,jackhammer
999.wav,street_music
5727.wav,drilling
5475.wav,street_music
936.wav,street_music
1204.wav,street_music
1198.wav,car_horn
320.wav,drilling
5956.wav,drilling
8634.wav,jackhammer
3249.wav,drilling
3287.wav,drilling
2355.wav,drilling
3173.wav,drilling
1465.wav,street_music
2528.wav,street_music
3479.wav,drilling
3589.wav,drilling
2352.wav,street_music
5643.wav,street_music
4445.wav,street_music
8530.wav,drilling
7971.wav,street_music
5823.wav,street_music
147.wav,drilling
7470.wav,drilling
6289.wav,drilling
4593.wav,dog_bark
8418.wav,drilling
5463.wav,dog_bark
2046.wav,drilling
6843.wav,children_playing
8162.wav,dog_bark
4082.wav,drilling
4831.wav,children_playing
1882.wav,jackhammer
274.wav,jackhammer
1619.wav,jackhammer
5868.wav,jackhammer
8452.wav,dog_bark
70.wav,jackhammer
4999.wav,jackhammer
6150.wav,dog_bark
7210.wav,dog_bark
992.wav,street_music
4816.wav,street_music
7125.wav,children_playing
5194.wav,children_playing
970.wav,children_playing
5753.wav,children_playing
6390.wav,drilling
2172.wav,jackhammer
2407.wav,drilling
5269.wav,drilling
1544.wav,drilling
1845.wav,drilling
8045.wav,drilling
3876.wav,drilling
7167.wav,drilling
8489.wav,children_playing
5014.wav,children_playing
6690.wav,children_playing
5087.wav,children_playing
5973.wav,children_playing
6233.wav,children_playing
3410.wav,children_playing
8455.wav,children_playing
6369.wav,dog_bark
7080.wav,street_music
6897.wav,dog_bark
6385.wav,car_horn
2271.wav,dog_bark
409.wav,dog_bark
6587.wav,street_music
5256.wav,dog_bark
8147.wav,street_music
1410.wav,dog_bark
3793.wav,street_music
2919.wav,dog_bark
2777.wav,dog_bark
7254.wav,dog_bark
4261.wav,dog_bark
1140.wav,dog_bark
1984.wav,dog_bark
5113.wav,air_conditioner
3090.wav,street_music
711.wav,dog_bark
3023.wav,air_conditioner
2737.wav,air_conditioner
7888.wav,air_conditioner
7587.wav,air_conditioner
4409.wav,air_conditioner
8018.wav,air_conditioner
8212.wav,air_conditioner
4388.wav,air_conditioner
1659 (1).wav,air_conditioner
6356.wav,air_conditioner
5413.wav,air_conditioner
1659.wav,air_conditioner
5083.wav,air_conditioner
6582.wav,air_conditioner
958.wav,air_conditioner
6481.wav,air_conditioner
4221.wav,air_conditioner
3100.wav,air_conditioner
4258.wav,air_conditioner
7165.wav,air_conditioner
3468.wav,air_conditioner
4185.wav,air_conditioner
5955.wav,air_conditioner
7102.wav,air_conditioner
976.wav,air_conditioner
2847.wav,air_conditioner
563.wav,jackhammer
5846.wav,jackhammer
3129.wav,air_conditioner
7771.wav,jackhammer
6695.wav,jackhammer
4310.wav,air_conditioner
2599.wav,jackhammer
7290.wav,air_conditioner
3329.wav,air_conditioner
6148.wav,jackhammer
5428.wav,jackhammer
487.wav,jackhammer
4496.wav,air_conditioner
5905.wav,children_playing
2981.wav,street_music
2985.wav,street_music
3053.wav,street_music
5568.wav,street_music
69.wav,street_music
2292.wav,street_music
1631.wav,street_music
3710.wav,children_playing
5111.wav,street_music
3047.wav,street_music
8436.wav,children_playing
4681.wav,street_music
6899.wav,engine_idling
6058.wav,engine_idling
7728.wav,street_music
1223.wav,dog_bark
7071.wav,engine_idling
5646.wav,street_music
7130.wav,street_music
3295.wav,children_playing
8619.wav,dog_bark
1928.wav,children_playing
4580.wav,street_music
3487.wav,street_music
3269.wav,street_music
7038.wav,engine_idling
518.wav,children_playing
2158.wav,street_music
3234.wav,street_music
2434.wav,children_playing
4403.wav,engine_idling
6687.wav,children_playing
7667.wav,children_playing
6485.wav,engine_idling
4893.wav,engine_idling
6862.wav,engine_idling
8160.wav,children_playing
1019.wav,engine_idling
8214.wav,engine_idling
837.wav,air_conditioner
5502.wav,children_playing
5453.wav,engine_idling
5139.wav,children_playing
6601.wav,air_conditioner
2843.wav,children_playing
3775.wav,children_playing
1299.wav,dog_bark
4225.wav,dog_bark
3769.wav,street_music
577.wav,dog_bark
7678.wav,dog_bark
8218.wav,dog_bark
5287.wav,gun_shot
2861.wav,dog_bark
4932.wav,children_playing
5193.wav,children_playing
5070.wav,children_playing
2164.wav,dog_bark
3059.wav,children_playing
6591.wav,air_conditioner
1788.wav,dog_bark
7255.wav,dog_bark
7261.wav,street_music
6503.wav,children_playing
6252.wav,dog_bark
421.wav,street_music
4296.wav,jackhammer
8301.wav,street_music
5078.wav,engine_idling
6766.wav,street_music
5204.wav,air_conditioner
1315.wav,street_music
7737.wav,street_music
4971.wav,street_music
1057.wav,street_music
8698.wav,street_music
5500.wav,jackhammer
4059.wav,dog_bark
4717.wav,children_playing
4113.wav,street_music
3767.wav,dog_bark
6429.wav,jackhammer
8.wav,drilling
7119.wav,dog_bark
1595.wav,street_music
5797.wav,street_music
4838.wav,dog_bark
4329.wav,street_music
3366.wav,children_playing
5231.wav,children_playing
7.wav,children_playing
3899.wav,street_music
3901.wav,siren
256.wav,street_music
6733.wav,children_playing
3874.wav,street_music
1215.wav,street_music
8517.wav,street_music
6076.wav,street_music
6071.wav,children_playing
5803.wav,car_horn
5422.wav,street_music
1610.wav,children_playing
439.wav,street_music
4315.wav,street_music
4798.wav,children_playing
6585.wav,children_playing
5555.wav,children_playing
1225.wav,children_playing
478.wav,children_playing
5979.wav,children_playing
1374.wav,children_playing
1033.wav,engine_idling
5358.wav,drilling
1717.wav,engine_idling
5446.wav,children_playing
384.wav,engine_idling
4357.wav,dog_bark
502.wav,children_playing
4187.wav,children_playing
5896.wav,street_music
5581.wav,children_playing
4469.wav,children_playing
31.wav,engine_idling
6028.wav,children_playing
6504.wav,children_playing
4051.wav,drilling
8557.wav,drilling
6303.wav,gun_shot
4237.wav,drilling
7117.wav,gun_shot
3017.wav,drilling
5845.wav,engine_idling
5393.wav,drilling
640.wav,street_music
7485.wav,drilling
2263.wav,street_music
4590.wav,drilling
5458.wav,drilling
7238.wav,engine_idling
3737.wav,engine_idling
7847.wav,engine_idling
8336.wav,gun_shot
8718.wav,dog_bark
6884.wav,gun_shot
3460.wav,gun_shot
5276.wav,gun_shot
5552.wav,dog_bark
3208.wav,gun_shot
6697.wav,gun_shot
4376.wav,gun_shot
2467.wav,gun_shot
553.wav,siren
5648.wav,siren
4355.wav,siren
7709.wav,children_playing
1433.wav,siren
297.wav,siren
5807.wav,siren
1375.wav,siren
1572.wav,siren
1726.wav,siren
3476.wav,siren
4626.wav,siren
1643.wav,siren
7654.wav,siren
2231.wav,jackhammer
3931.wav,jackhammer
1258.wav,jackhammer
3832.wav,jackhammer
3107.wav,drilling
3873.wav,jackhammer
4744.wav,siren
7371.wav,jackhammer
1099.wav,jackhammer
3403.wav,jackhammer
3740.wav,siren
5454.wav,jackhammer
7649.wav,drilling
3426.wav,jackhammer
8541.wav,jackhammer
8292.wav,drilling
4348.wav,jackhammer
808.wav,drilling
6658.wav,jackhammer
4494.wav,jackhammer
510.wav,jackhammer
1799.wav,jackhammer
1583.wav,jackhammer
7615.wav,jackhammer
1961.wav,jackhammer
8230.wav,jackhammer
3083.wav,drilling
3290.wav,jackhammer
836.wav,jackhammer
7188.wav,drilling
7815.wav,jackhammer
8555.wav,drilling
3119.wav,jackhammer
5529.wav,jackhammer
1165.wav,drilling
6751.wav,jackhammer
3990.wav,jackhammer
7590.wav,jackhammer
680.wav,drilling
3282.wav,jackhammer
2617.wav,jackhammer
2990.wav,jackhammer
4211.wav,jackhammer
5450.wav,jackhammer
1592.wav,jackhammer
6578.wav,jackhammer
273.wav,jackhammer
7986.wav,jackhammer
4407.wav,jackhammer
1441.wav,jackhammer
6799.wav,jackhammer
8423.wav,jackhammer
415.wav,drilling
4933.wav,jackhammer
1060.wav,jackhammer
6195.wav,jackhammer
1037.wav,drilling
2431.wav,jackhammer
769.wav,drilling
536.wav,jackhammer
8159.wav,jackhammer
7755.wav,jackhammer
7310.wav,jackhammer
8504.wav,dog_bark
8011.wav,children_playing
281.wav,dog_bark
7564.wav,children_playing
505.wav,children_playing
6037.wav,children_playing
499.wav,children_playing
2894.wav,children_playing
7306.wav,children_playing
1132.wav,street_music
3335.wav,street_music
777.wav,street_music
8400.wav,street_music
2088.wav,dog_bark
5567.wav,street_music
940.wav,street_music
6237.wav,street_music
1781.wav,children_playing
3430.wav,siren
7684.wav,dog_bark
302.wav,siren
8521.wav,siren
8362.wav,siren
5267.wav,siren
4761.wav,siren
2975.wav,siren
4533.wav,siren
7236.wav,siren
2719.wav,drilling
6995.wav,siren
6495.wav,children_playing
4553.wav,children_playing
3796.wav,children_playing
4414.wav,children_playing
3064.wav,children_playing
5656.wav,children_playing
1580.wav,children_playing
675.wav,children_playing
122.wav,children_playing
5884.wav,children_playing
3466.wav,children_playing
969.wav,children_playing
1016.wav,children_playing
220.wav,children_playing
5457.wav,street_music
8316.wav,children_playing
715.wav,children_playing
5153.wav,children_playing
1202.wav,street_music
3865.wav,siren
4271.wav,children_playing
7983.wav,street_music
1590.wav,children_playing
1519.wav,children_playing
5759.wav,children_playing
3665.wav,children_playing
4071.wav,children_playing
4734.wav,children_playing
6848.wav,car_horn
8295.wav,engine_idling
7433.wav,children_playing
7120.wav,children_playing
4978.wav,children_playing
8561.wav,children_playing
550.wav,street_music
1128.wav,jackhammer
2326.wav,street_music
2331.wav,street_music
4238.wav,children_playing
340.wav,street_music
3673.wav,street_music
4380.wav,street_music
5346.wav,children_playing
2316.wav,dog_bark
5145.wav,street_music
4958.wav,dog_bark
7857.wav,children_playing
5137.wav,jackhammer
1075.wav,jackhammer
6567.wav,jackhammer
2804.wav,dog_bark
2058.wav,dog_bark
4524.wav,dog_bark
4869.wav,dog_bark
7230.wav,dog_bark
4268.wav,dog_bark
7208.wav,children_playing
2223.wav,car_horn
1227.wav,dog_bark
4777.wav,jackhammer
6428.wav,children_playing
3801.wav,children_playing
3084.wav,jackhammer
2729.wav,jackhammer
1912.wav,jackhammer
1429.wav,car_horn
7746.wav,jackhammer
5000.wav,children_playing
6845.wav,children_playing
2136.wav,jackhammer
465.wav,jackhammer
6842.wav,jackhammer
8559.wav,drilling
7526.wav,children_playing
847.wav,children_playing
4145.wav,children_playing
6045.wav,drilling
3743.wav,children_playing
190.wav,street_music
1266.wav,car_horn
4874.wav,children_playing
3256.wav,drilling
1851.wav,drilling
7630.wav,street_music
5144.wav,street_music
7714.wav,drilling
7781.wav,drilling
7363.wav,drilling
7248.wav,drilling
1382.wav,drilling
3391.wav,street_music
7189.wav,drilling
4090.wav,drilling
2120.wav,drilling
1121.wav,street_music
2683.wav,street_music
1790.wav,drilling
2958.wav,street_music
6201.wav,drilling
3314.wav,drilling
124.wav,drilling
2396.wav,drilling
4969.wav,drilling
7444.wav,drilling
822.wav,drilling
3949.wav,drilling
3964.wav,dog_bark
4603.wav,drilling
5245.wav,children_playing
2422.wav,children_playing
1778.wav,children_playing
141.wav,children_playing
8113.wav,children_playing
7356.wav,children_playing
644.wav,children_playing
2796.wav,drilling
4298.wav,children_playing
8591.wav,drilling
177.wav,drilling
1177.wav,drilling
3210.wav,children_playing
362.wav,dog_bark
4501.wav,drilling
7789.wav,children_playing
5126.wav,siren
5285.wav,children_playing
4818.wav,siren
6593.wav,siren
8026.wav,drilling
8608.wav,drilling
920.wav,drilling
7559.wav,jackhammer
2806.wav,children_playing
14.wav,children_playing
1915.wav,drilling
8702.wav,street_music
763.wav,children_playing
1424.wav,children_playing
3219.wav,drilling
7698.wav,children_playing
2867.wav,children_playing
2143.wav,jackhammer
8225.wav,air_conditioner
5584.wav,children_playing
3045.wav,jackhammer
2880.wav,jackhammer
6874.wav,children_playing
2844.wav,jackhammer
5192.wav,children_playing
8051.wav,jackhammer
2941.wav,children_playing
7527.wav,air_conditioner
2189.wav,air_conditioner
1359.wav,air_conditioner
403.wav,air_conditioner
5332.wav,air_conditioner
2109.wav,air_conditioner
7515.wav,jackhammer
5039.wav,jackhammer
8385.wav,air_conditioner
7786.wav,air_conditioner
6386.wav,jackhammer
1953.wav,air_conditioner
5866.wav,jackhammer
1108.wav,air_conditioner
1053.wav,jackhammer
6280.wav,jackhammer
5160.wav,air_conditioner
2978.wav,jackhammer
4998.wav,air_conditioner
2178.wav,jackhammer
4098.wav,jackhammer
3559.wav,air_conditioner
6927.wav,jackhammer
8405.wav,air_conditioner
4419.wav,air_conditioner
805.wav,air_conditioner
974.wav,jackhammer
1824.wav,jackhammer
1443.wav,air_conditioner
1526.wav,air_conditioner
4699.wav,dog_bark
6682.wav,dog_bark
5578.wav,children_playing
2393.wav,air_conditioner
3748.wav,children_playing
5603.wav,children_playing
1464.wav,dog_bark
5222.wav,children_playing
8141.wav,children_playing
3106.wav,dog_bark
7128.wav,children_playing
7912.wav,children_playing
8291.wav,drilling
6684.wav,drilling
7546.wav,children_playing
7913.wav,children_playing
21.wav,children_playing
2374.wav,children_playing
8186.wav,children_playing
1655.wav,dog_bark
3251.wav,children_playing
8566.wav,engine_idling
341.wav,dog_bark
2062.wav,gun_shot
4176.wav,engine_idling
476.wav,dog_bark
2391.wav,street_music
5812.wav,dog_bark
3802.wav,gun_shot
4266.wav,gun_shot
5720.wav,gun_shot
1402.wav,gun_shot
4543.wav,gun_shot
34.wav,street_music
5766.wav,street_music
7948.wav,street_music
6471.wav,street_music
8371.wav,street_music
2724.wav,engine_idling
3242.wav,street_music
5595.wav,street_music
4065.wav,car_horn
2635.wav,street_music
2879.wav,car_horn
405.wav,street_music
7945.wav,street_music
1196.wav,street_music
2272.wav,children_playing
3247.wav,children_playing
6344.wav,street_music
1934.wav,children_playing
1229.wav,dog_bark
7325.wav,children_playing
5229.wav,children_playing
1645.wav,children_playing
6488.wav,dog_bark
6316.wav,dog_bark
5143.wav,street_music
1545.wav,dog_bark
526.wav,children_playing
1683 (1).wav,children_playing
2693.wav,children_playing
8592.wav,siren
8528.wav,dog_bark
815.wav,dog_bark
5250.wav,dog_bark
1683.wav,children_playing
8329.wav,dog_bark
5657.wav,children_playing
8563.wav,dog_bark
7798.wav,dog_bark
5798.wav,children_playing
4876.wav,dog_bark
3255.wav,dog_bark
1102.wav,car_horn
8349.wav,dog_bark
5282.wav,children_playing
4872.wav,dog_bark
6306.wav,dog_bark
7438.wav,siren
6302.wav,car_horn
1513.wav,drilling
1009.wav,siren
4713.wav,siren
8290.wav,drilling
3500.wav,drilling
6362.wav,siren
7731.wav,car_horn
1336.wav,car_horn
8414.wav,street_music
5455.wav,car_horn
6353.wav,siren
6264.wav,siren
1764.wav,siren
6155.wav,car_horn
2642.wav,car_horn
4567.wav,car_horn
451.wav,car_horn
2698.wav,car_horn
108.wav,car_horn
321.wav,car_horn
1698.wav,dog_bark
696.wav,car_horn
2888.wav,car_horn
7588.wav,car_horn
7616.wav,car_horn
7442.wav,car_horn
1124.wav,dog_bark
30.wav,dog_bark
4587.wav,drilling
6809.wav,drilling
173.wav,drilling
1865.wav,air_conditioner
7790.wav,drilling
5041.wav,dog_bark
8165.wav,air_conditioner
2151.wav,air_conditioner
1376.wav,drilling
289.wav,drilling
5354.wav,dog_bark
2385.wav,air_conditioner
8550.wav,drilling
3643.wav,drilling
6491.wav,engine_idling
2257.wav,drilling
7544.wav,engine_idling
6312.wav,drilling
4779.wav,engine_idling
1282.wav,drilling
5150.wav,drilling
5693.wav,jackhammer
8408.wav,drilling
2276.wav,jackhammer
7885.wav,drilling
6675.wav,car_horn
8606.wav,dog_bark
7239.wav,children_playing
5363.wav,children_playing
5258.wav,dog_bark
558.wav,engine_idling
4114.wav,dog_bark
1668 (1).wav,drilling
1668.wav,drilling
6330.wav,children_playing
3795.wav,car_horn
1696.wav,dog_bark
6038.wav,dog_bark
8348.wav,street_music
2280.wav,children_playing
682.wav,children_playing
5539.wav,dog_bark
6702.wav,children_playing
7859.wav,children_playing
7473.wav,siren
1486.wav,drilling
1662 (1).wav,children_playing
5301.wav,children_playing
1662.wav,children_playing
8433.wav,siren
4345.wav,children_playing
1238.wav,dog_bark
968.wav,siren
2561.wav,siren
7716.wav,dog_bark
4946.wav,street_music
7659.wav,dog_bark
4671.wav,dog_bark
814.wav,siren
7301.wav,engine_idling
6360.wav,dog_bark
8672.wav,engine_idling
6112.wav,engine_idling
2591.wav,street_music
5930.wav,drilling
7635.wav,siren
4270.wav,siren
6554.wav,engine_idling
180.wav,street_music
6706.wav,siren
6465.wav,siren
8030.wav,siren
942.wav,children_playing
4627.wav,children_playing
2812.wav,engine_idling
8269.wav,siren
2627.wav,siren
1577.wav,siren
7314.wav,dog_bark
5050.wav,children_playing
3922.wav,siren
4275.wav,siren
4112.wav,siren
8157.wav,dog_bark
7889.wav,siren
2137.wav,siren
8326.wav,children_playing
2268.wav,street_music
3961.wav,air_conditioner
1391.wav,children_playing
2708.wav,children_playing
1103.wav,engine_idling
8623.wav,children_playing
1758.wav,air_conditioner
7289.wav,dog_bark
4108.wav,children_playing
1814.wav,air_conditioner
6590.wav,children_playing
2159.wav,children_playing
7246.wav,air_conditioner
2490.wav,air_conditioner
8023.wav,air_conditioner
7753.wav,dog_bark
8700.wav,dog_bark
7288.wav,air_conditioner
151.wav,dog_bark
1041.wav,dog_bark
1775.wav,air_conditioner
6980.wav,children_playing
4591.wav,children_playing
2027.wav,children_playing
3073.wav,children_playing
2621.wav,dog_bark
4398.wav,street_music
3600.wav,children_playing
1281.wav,dog_bark
481.wav,children_playing
1487.wav,air_conditioner
1192.wav,siren
6858.wav,dog_bark
7023.wav,drilling
7517.wav,dog_bark
8198.wav,street_music
7903.wav,street_music
1274.wav,drilling
2053.wav,street_music
917.wav,drilling
1553.wav,drilling
3303.wav,drilling
1169.wav,drilling
5591.wav,drilling
8488.wav,siren
2583.wav,dog_bark
8363.wav,dog_bark
2579.wav,drilling
1740.wav,drilling
2435.wav,dog_bark
5604.wav,dog_bark
7906.wav,siren
1395.wav,drilling
7373.wav,drilling
2782.wav,dog_bark
6960.wav,drilling
1975.wav,street_music
7304.wav,children_playing
5061.wav,children_playing
1712.wav,drilling
5666.wav,jackhammer
8686.wav,street_music
4773.wav,street_music
7502.wav,drilling
6807.wav,street_music
6184.wav,children_playing
8124.wav,children_playing
4147.wav,street_music
998.wav,street_music
2822.wav,engine_idling
7562.wav,street_music
1340.wav,street_music
2321.wav,engine_idling
5240.wav,children_playing
2606.wav,children_playing
7894.wav,drilling
7877.wav,drilling
2440.wav,jackhammer
2284.wav,engine_idling
5633.wav,children_playing
2111.wav,children_playing
8102.wav,drilling
4153.wav,drilling
6761.wav,air_conditioner
3736.wav,dog_bark
6957.wav,dog_bark
3114.wav,street_music
2436.wav,street_music
8121.wav,children_playing
205.wav,dog_bark
7512.wav,drilling
1620.wav,siren
625.wav,dog_bark
7760.wav,street_music
1772.wav,dog_bark
4186.wav,children_playing
1107.wav,drilling
492.wav,street_music
8509.wav,street_music
1247.wav,drilling
5091.wav,siren
6988.wav,drilling
6718.wav,drilling
2611.wav,drilling
1747.wav,siren
768.wav,street_music
4300.wav,street_music
3712.wav,engine_idling
1324.wav,siren
7537.wav,siren
2214.wav,children_playing
3755.wav,street_music
5467.wav,drilling
7440.wav,street_music
2839.wav,drilling
1190.wav,siren
6745.wav,drilling
8275.wav,drilling
1013.wav,drilling
5974.wav,drilling
6018.wav,drilling
7220.wav,drilling
5090.wav,drilling
6226.wav,drilling
7767.wav,drilling
7134.wav,drilling
6182.wav,drilling
1268.wav,drilling
4586.wav,street_music
6532.wav,drilling
5743.wav,drilling
3265.wav,drilling
7219.wav,drilling
5212.wav,drilling
701.wav,drilling
4060.wav,drilling
5468.wav,drilling
3058.wav,street_music
53.wav,drilling
5381.wav,drilling
700.wav,drilling
6540.wav,drilling
5482.wav,drilling
7603.wav,drilling
3372.wav,drilling
4330.wav,siren
6685.wav,children_playing
1466.wav,siren
5965.wav,dog_bark
5392.wav,dog_bark
4808.wav,siren
4457.wav,siren
616.wav,siren
3532.wav,children_playing
7557.wav,children_playing
1694.wav,street_music
4711.wav,children_playing
7811.wav,children_playing
3875.wav,children_playing
5630.wav,children_playing
6143.wav,dog_bark
7915.wav,children_playing
6646.wav,siren
8015.wav,dog_bark
5478.wav,dog_bark
8601.wav,siren
984.wav,dog_bark
6352.wav,dog_bark
1887.wav,children_playing
2502.wav,children_playing
6062.wav,dog_bark
6700.wav,children_playing
6067.wav,dog_bark
5749.wav,children_playing
1903.wav,dog_bark
6838.wav,children_playing
4678.wav,children_playing
240.wav,siren
3341.wav,children_playing
7907.wav,jackhammer
902.wav,children_playing
3304.wav,street_music
3408.wav,jackhammer
2953.wav,children_playing
7050.wav,jackhammer
2643.wav,dog_bark
2118.wav,jackhammer
6008.wav,car_horn
3280.wav,children_playing
244.wav,jackhammer
2696.wav,children_playing
5170.wav,children_playing
5305.wav,jackhammer
5220.wav,dog_bark
2176.wav,dog_bark
8107.wav,dog_bark
7101.wav,dog_bark
6097.wav,dog_bark
3166.wav,dog_bark
2181.wav,children_playing
6650.wav,siren
1514.wav,dog_bark
6545.wav,children_playing
6541.wav,dog_bark
736.wav,dog_bark
4495.wav,drilling
7441.wav,drilling
292.wav,children_playing
5396.wav,drilling
6401.wav,drilling
1541.wav,drilling
5782.wav,drilling
6584.wav,drilling
6157.wav,drilling
8456.wav,drilling
1104.wav,drilling
2908.wav,drilling
5883.wav,drilling
1280.wav,street_music
2704.wav,drilling
257.wav,children_playing
1348.wav,street_music
1568.wav,street_music
2628.wav,drilling
3635.wav,street_music
8204.wav,street_music
5501.wav,drilling
5998.wav,engine_idling
2893.wav,engine_idling
6894.wav,street_music
745.wav,children_playing
4020.wav,engine_idling
5469.wav,jackhammer
5993.wav,engine_idling
5386.wav,street_music
1201.wav,engine_idling
5618.wav,street_music
1951.wav,drilling
4577.wav,dog_bark
279.wav,drilling
877.wav,dog_bark
284.wav,air_conditioner
3831.wav,drilling
3382.wav,street_music
2949.wav,street_music
3571.wav,siren
1213.wav,street_music
5442.wav,children_playing
3359.wav,dog_bark
5355.wav,drilling
1804.wav,dog_bark
1658.wav,dog_bark
191.wav,dog_bark
6564.wav,drilling
535.wav,car_horn
95.wav,dog_bark
4983.wav,drilling
7701.wav,dog_bark
797.wav,siren
6526.wav,engine_idling
5590.wav,dog_bark
2868.wav,dog_bark
7011.wav,dog_bark
4250.wav,drilling
3326.wav,jackhammer
3076.wav,jackhammer
1585.wav,jackhammer
3109.wav,jackhammer
2115.wav,jackhammer
5839.wav,jackhammer
2834.wav,engine_idling
1260.wav,engine_idling
8170.wav,engine_idling
4720.wav,jackhammer
5018.wav,jackhammer
6785.wav,jackhammer
3774.wav,dog_bark
781.wav,dog_bark
1154.wav,dog_bark
2551.wav,street_music
1142.wav,street_music
3440.wav,street_music
3667.wav,street_music
678.wav,street_music
234.wav,street_music
5895.wav,street_music
8320.wav,street_music
4582.wav,street_music
4157.wav,dog_bark
3025.wav,street_music
3705.wav,air_conditioner
5365.wav,street_music
4092.wav,siren
5215.wav,air_conditioner
1684 (1).wav,children_playing
4639.wav,street_music
7534.wav,siren
1835.wav,dog_bark
75.wav,children_playing
420.wav,siren
1684.wav,children_playing
8389.wav,dog_bark
8255.wav,dog_bark
4954.wav,dog_bark
4035.wav,siren
3137.wav,drilling
2289.wav,siren
6307.wav,children_playing
8056.wav,dog_bark
8478.wav,children_playing
1010.wav,dog_bark
2426.wav,siren
4304.wav,air_conditioner
8358.wav,air_conditioner
5296.wav,dog_bark
41.wav,dog_bark
8096.wav,air_conditioner
3963.wav,air_conditioner
2803.wav,air_conditioner
5232.wav,air_conditioner
1495.wav,street_music
3541.wav,engine_idling
1253.wav,jackhammer
8273.wav,jackhammer
4605.wav,children_playing
4780.wav,jackhammer
897.wav,children_playing
4995.wav,drilling
7551.wav,street_music
2298.wav,street_music
6315.wav,jackhammer
3616.wav,street_music
7480.wav,street_music
3048.wav,street_music
2838.wav,car_horn
5261.wav,street_music
4148.wav,street_music
5831.wav,siren
5401.wav,siren
6342.wav,siren
1445.wav,siren
8631.wav,dog_bark
6636.wav,air_conditioner
23.wav,dog_bark
181.wav,dog_bark
2638.wav,dog_bark
5667.wav,siren
3505.wav,siren
3535.wav,siren
4208.wav,siren
5318.wav,dog_bark
3826.wav,car_horn
4782.wav,car_horn
3779.wav,car_horn
6873.wav,children_playing
3039.wav,car_horn
5551.wav,car_horn
3093.wav,car_horn
4421.wav,car_horn
5007.wav,siren
1710.wav,car_horn
1954.wav,street_music
7823.wav,dog_bark
399.wav,dog_bark
7183.wav,air_conditioner
7621.wav,car_horn
6419.wav,children_playing
2069.wav,children_playing
8129.wav,drilling
6178.wav,children_playing
3428.wav,children_playing
5756.wav,children_playing
8179.wav,street_music
375.wav,dog_bark
4343.wav,street_music
3761.wav,dog_bark
2423.wav,street_music
6203.wav,street_music
1691.wav,street_music
2701.wav,street_music
4132.wav,dog_bark
8554.wav,drilling
6756.wav,street_music
5208.wav,car_horn
86.wav,street_music
588.wav,drilling
9.wav,children_playing
4223.wav,children_playing
5935.wav,children_playing
934.wav,air_conditioner
5538.wav,street_music
2215.wav,jackhammer
1084.wav,street_music
2537.wav,air_conditioner
1086.wav,street_music
2399.wav,jackhammer
7089.wav,air_conditioner
4606.wav,street_music
3031.wav,car_horn
4560.wav,drilling
5674.wav,street_music
545.wav,street_music
4551.wav,children_playing
4980.wav,street_music
5575.wav,street_music
5164.wav,air_conditioner
2977.wav,street_music
2341.wav,drilling
2556.wav,street_music
2906.wav,street_music
5451.wav,children_playing
5632.wav,drilling
4977.wav,drilling
5387.wav,drilling
1422.wav,drilling
8372.wav,air_conditioner
1985.wav,drilling
1969.wav,drilling
8439.wav,air_conditioner
2759.wav,drilling
8063 (1).wav,drilling
8063.wav,drilling
5242.wav,drilling
856.wav,drilling
2712.wav,air_conditioner
828.wav,drilling
6936.wav,air_conditioner
5636.wav,street_music
5273.wav,drilling
2979.wav,street_music
6951.wav,drilling
2044.wav,street_music
7972.wav,street_music
2208.wav,drilling
3862.wav,drilling
6494.wav,drilling
1535.wav,street_music
2486.wav,drilling
5464.wav,air_conditioner
3142.wav,street_music
6588.wav,drilling
7772.wav,drilling
3852.wav,siren
3029.wav,siren
530.wav,children_playing
1439.wav,children_playing
1109.wav,children_playing
6994.wav,drilling
3113.wav,dog_bark
595.wav,children_playing
7637.wav,children_playing
6989.wav,dog_bark
1900.wav,drilling
5434.wav,children_playing
6365.wav,drilling
7968.wav,children_playing
7286.wav,children_playing
4259.wav,children_playing
1438.wav,children_playing
7545.wav,children_playing
8091 (1).wav,children_playing
6253.wav,children_playing
4901.wav,siren
8525.wav,dog_bark
3699.wav,dog_bark
8091.wav,children_playing
3088.wav,children_playing
4660.wav,siren
7237.wav,siren
6075.wav,siren
5703.wav,siren
1700.wav,drilling
8286.wav,siren
7152.wav,children_playing
3260.wav,dog_bark
1566.wav,drilling
6242.wav,dog_bark
5367.wav,drilling
3552.wav,drilling
1411.wav,drilling
1742.wav,dog_bark
7339.wav,dog_bark
3005.wav,drilling
3913.wav,dog_bark
3497.wav,drilling
6787.wav,drilling
2964.wav,dog_bark
1942.wav,drilling
1342.wav,siren
909.wav,drilling
1114.wav,drilling
4656.wav,drilling
2311.wav,drilling
1097.wav,dog_bark
6727.wav,drilling
4340.wav,drilling
1369.wav,drilling
3954.wav,dog_bark
1012.wav,dog_bark
4213.wav,drilling
4579.wav,drilling
241.wav,drilling
5971.wav,dog_bark
28.wav,dog_bark
7717.wav,dog_bark
207.wav,drilling
4074.wav,engine_idling
107.wav,street_music
672.wav,engine_idling
2243.wav,engine_idling
1638.wav,drilling
8134.wav,siren
3815.wav,drilling
145.wav,siren
3274.wav,drilling
1855.wav,engine_idling
4871.wav,engine_idling
7878.wav,engine_idling
8066.wav,engine_idling
1959.wav,engine_idling
1125.wav,engine_idling
5785.wav,engine_idling
3953.wav,engine_idling
390.wav,engine_idling
2923.wav,engine_idling
2147.wav,engine_idling
7793.wav,engine_idling
8480.wav,engine_idling
1682 (1).wav,jackhammer
1682.wav,jackhammer
7353.wav,engine_idling
5621.wav,jackhammer
4452.wav,jackhammer
6349.wav,jackhammer
5913.wav,jackhammer
2716.wav,jackhammer
6597.wav,jackhammer
2525.wav,jackhammer
2342.wav,jackhammer
7741.wav,jackhammer
1173.wav,jackhammer
2602.wav,jackhammer
5916.wav,jackhammer
2114.wav,jackhammer
8116.wav,jackhammer
7540.wav,jackhammer
1179.wav,jackhammer
5086.wav,jackhammer
4537.wav,jackhammer
4435.wav,jackhammer
2885.wav,jackhammer
8065 (1).wav,jackhammer
5203.wav,jackhammer
8065.wav,jackhammer
8647.wav,jackhammer
7193.wav,jackhammer
6780.wav,jackhammer
5987.wav,jackhammer
4850.wav,jackhammer
1875.wav,jackhammer
6057.wav,jackhammer
8284.wav,jackhammer
1123.wav,jackhammer
5718.wav,jackhammer
1144.wav,jackhammer
1880.wav,jackhammer
7199.wav,jackhammer
6146.wav,jackhammer
8115.wav,jackhammer
2631.wav,jackhammer
6368.wav,jackhammer
8312.wav,jackhammer
5959.wav,jackhammer
6639.wav,jackhammer
981.wav,jackhammer
6688.wav,jackhammer
982.wav,jackhammer
2317.wav,dog_bark
8319.wav,dog_bark
161.wav,gun_shot
4955.wav,jackhammer
3457.wav,jackhammer
2798.wav,dog_bark
1293.wav,jackhammer
2085.wav,jackhammer
8463.wav,dog_bark
3768.wav,dog_bark
7666.wav,dog_bark
2007.wav,dog_bark
5006.wav,dog_bark
7445.wav,children_playing
7411.wav,dog_bark
8383.wav,dog_bark
3789.wav,engine_idling
3289.wav,engine_idling
7464.wav,engine_idling
4173.wav,engine_idling
7658.wav,engine_idling
3917.wav,engine_idling
5430.wav,engine_idling
2735.wav,street_music
7092.wav,street_music
1995.wav,street_music
647.wav,street_music
6805.wav,street_music
5923.wav,street_music
6397.wav,street_music
8267.wav,drilling
1291.wav,drilling
983.wav,drilling
731.wav,street_music
2177.wav,street_music
862.wav,street_music
4099.wav,children_playing
2322.wav,children_playing
6042.wav,children_playing
2100.wav,children_playing
203.wav,children_playing
2071.wav,children_playing
842.wav,children_playing
5047.wav,children_playing
2397.wav,dog_bark
2153.wav,dog_bark
6476.wav,dog_bark
5602.wav,dog_bark
433.wav,dog_bark
7186.wav,dog_bark
4856.wav,dog_bark
5080.wav,dog_bark
6167.wav,dog_bark
3498.wav,dog_bark
1406.wav,street_music
4468.wav,dog_bark
2546.wav,drilling
2362.wav,drilling
935.wav,drilling
8242.wav,drilling
5596.wav,dog_bark
8248.wav,drilling
209.wav,drilling
6036.wav,drilling
6941.wav,drilling
4825.wav,drilling
539.wav,drilling
6273.wav,drilling
634.wav,jackhammer
2566.wav,engine_idling
3586.wav,drilling
5920.wav,drilling
1138.wav,jackhammer
618.wav,jackhammer
96.wav,drilling
7763.wav,jackhammer
3971.wav,drilling
6301.wav,jackhammer
7572.wav,children_playing
2948.wav,children_playing
4478.wav,street_music
3072.wav,jackhammer
13.wav,jackhammer
3544.wav,children_playing
2530.wav,jackhammer
115.wav,jackhammer
293.wav,children_playing
1624.wav,street_music
1743.wav,children_playing
6479.wav,dog_bark
7058.wav,dog_bark
6622.wav,siren
6320.wav,dog_bark
3000.wav,street_music
5275.wav,street_music
2660.wav,children_playing
5474.wav,gun_shot
8532.wav,dog_bark
5187.wav,gun_shot
1926.wav,gun_shot
8083 (1).wav,gun_shot
4508.wav,gun_shot
8138.wav,gun_shot
1930.wav,drilling
8083.wav,gun_shot
1212.wav,children_playing
8082 (1).wav,street_music
2492.wav,street_music
4849.wav,street_music
7487.wav,children_playing
3241.wav,children_playing
7334.wav,street_music
8082.wav,street_music
8321.wav,children_playing
3134.wav,street_music
8355.wav,street_music
4944.wav,street_music
2074.wav,street_music
5298.wav,children_playing
1670.wav,street_music
5608.wav,dog_bark
110.wav,street_music
4336.wav,street_music
8298.wav,street_music
7406.wav,street_music
3041.wav,street_music
6605.wav,dog_bark
2999.wav,children_playing
706.wav,dog_bark
1397.wav,street_music
5911.wav,street_music
6052.wav,children_playing
8505.wav,street_music
6538.wav,drilling
5541.wav,car_horn
1759.wav,street_music
2211.wav,street_music
7708.wav,children_playing
7605.wav,car_horn
2562.wav,engine_idling
7492.wav,car_horn
1622.wav,street_music
2472.wav,dog_bark
2213.wav,street_music
7947.wav,street_music
4154.wav,siren
2097.wav,siren
918.wav,siren
3175.wav,siren
5230.wav,siren
4621.wav,siren
4588.wav,dog_bark
5834.wav,siren
5779.wav,siren
2014.wav,siren
431.wav,siren
8638.wav,siren
7139.wav,siren
2823.wav,siren
2346.wav,siren
2286.wav,siren
5843.wav,siren
7864.wav,siren
6470.wav,siren
6231.wav,siren
1860.wav,siren
4264.wav,siren
2845.wav,siren
7047.wav,siren
2222.wav,siren
6962.wav,siren
3693.wav,dog_bark
3079.wav,siren
6250.wav,dog_bark
4404.wav,dog_bark
1320.wav,children_playing
8692.wav,drilling
1035.wav,siren
3720.wav,siren
2589.wav,siren
4079.wav,dog_bark
3935.wav,dog_bark
5805.wav,dog_bark
1005.wav,siren
3814.wav,siren
5679.wav,siren
6199.wav,siren
4105.wav,siren
4841.wav,siren
4882.wav,siren
7168.wav,siren
6216.wav,siren
674.wav,siren
1199.wav,siren
2761.wav,siren
5184.wav,siren
2119.wav,siren
7342.wav,siren
7863.wav,siren
3427.wav,siren
7627.wav,siren
3744.wav,siren
8196.wav,siren
5569.wav,siren
195.wav,siren
4215.wav,siren
3780.wav,siren
5991.wav,siren
106.wav,siren
7365.wav,siren
1902.wav,siren
5224.wav,siren
283.wav,siren
4334.wav,siren
6078.wav,siren
7486.wav,siren
2093.wav,siren
7555.wav,siren
2112.wav,siren
7514.wav,siren
5097.wav,siren
6744.wav,siren
7695.wav,siren
5207.wav,siren
1884.wav,siren
7848.wav,siren
7276.wav,siren
6952.wav,siren
4981.wav,air_conditioner
6166.wav,siren
4709.wav,siren
4276.wav,air_conditioner
823.wav,air_conditioner
8379.wav,air_conditioner
6861.wav,air_conditioner
4308.wav,siren
8304.wav,siren
8342.wav,air_conditioner
1857.wav,air_conditioner
3807.wav,children_playing
774.wav,children_playing
8402.wav,children_playing
16.wav,street_music
6594.wav,car_horn
2285.wav,air_conditioner
1909.wav,air_conditioner
2793.wav,children_playing
3511.wav,children_playing
3825.wav,street_music
1733.wav,street_music
3086.wav,air_conditioner
1249.wav,children_playing
5168.wav,street_music
2086.wav,street_music
2952.wav,dog_bark
3942.wav,dog_bark
1166.wav,dog_bark
7905.wav,dog_bark
1284.wav,dog_bark
291.wav,dog_bark
2496.wav,dog_bark
6711.wav,dog_bark
5471.wav,street_music
3506.wav,street_music
6277.wav,children_playing
2356.wav,street_music
8359.wav,children_playing
3904.wav,children_playing
7554.wav,children_playing
1538.wav,children_playing
3812.wav,children_playing
6254.wav,dog_bark
2818.wav,dog_bark
5506.wav,dog_bark
3348.wav,dog_bark
6090.wav,dog_bark
4518.wav,dog_bark
7391.wav,dog_bark
2656.wav,dog_bark
6093.wav,dog_bark
2261.wav,dog_bark
1304.wav,car_horn
5260.wav,dog_bark
6611.wav,children_playing
8602.wav,dog_bark
1434.wav,siren
6164.wav,dog_bark
7303.wav,children_playing
5828.wav,dog_bark
5431.wav,car_horn
7192.wav,air_conditioner
8404.wav,air_conditioner
7209.wav,dog_bark
1290.wav,dog_bark
3402.wav,street_music
6410.wav,siren
1111.wav,air_conditioner
1207.wav,street_music
4360.wav,drilling
6776.wav,drilling
8010.wav,street_music
5880.wav,dog_bark
8494.wav,dog_bark
4072.wav,street_music
5102.wav,street_music
4321.wav,air_conditioner
4016.wav,street_music
7820.wav,street_music
4447.wav,street_music
1208.wav,street_music
460.wav,street_music
5108.wav,street_music
8281.wav,street_music
8206.wav,children_playing
7397.wav,street_music
8098.wav,street_music
6617.wav,car_horn
2491.wav,car_horn
4061.wav,jackhammer
5777.wav,car_horn
1798.wav,car_horn
708.wav,drilling
1002.wav,car_horn
4460.wav,jackhammer
8549.wav,jackhammer
7808.wav,siren
7160.wav,jackhammer
6060.wav,car_horn
6964.wav,car_horn
2021.wav,jackhammer
2068.wav,jackhammer
5213.wav,jackhammer
2409.wav,jackhammer
8005.wav,jackhammer
225.wav,jackhammer
4233.wav,jackhammer
3009.wav,jackhammer
4391.wav,jackhammer
7987.wav,children_playing
8237.wav,jackhammer
6978.wav,jackhammer
4538.wav,jackhammer
3502.wav,jackhammer
4370.wav,jackhammer
1161.wav,jackhammer
5855.wav,jackhammer
7158.wav,children_playing
1752.wav,children_playing
3040.wav,dog_bark
5300.wav,children_playing
4219.wav,children_playing
3309.wav,children_playing
5124.wav,children_playing
7266.wav,dog_bark
1611.wav,dog_bark
1797.wav,street_music
3472.wav,street_music
6953.wav,street_music
1862.wav,street_music
8388.wav,dog_bark
6044.wav,street_music
1596.wav,dog_bark
2734.wav,street_music
6032.wav,engine_idling
469.wav,dog_bark
1685 (1).wav,siren
3224.wav,children_playing
2508.wav,street_music
628.wav,street_music
8343.wav,street_music
7924.wav,children_playing
3809.wav,street_music
2006.wav,engine_idling
1685.wav,siren
8112.wav,children_playing
3615.wav,street_music
432.wav,children_playing
626.wav,children_playing
7034.wav,drilling
1732.wav,dog_bark
5036.wav,drilling
6285.wav,drilling
7886.wav,dog_bark
4975.wav,jackhammer
2392.wav,dog_bark
7652.wav,street_music
4202.wav,dog_bark
2540.wav,drilling
873.wav,drilling
7324.wav,drilling
707.wav,drilling
1522.wav,drilling
6921.wav,drilling
767.wav,drilling
5254.wav,drilling
133.wav,drilling
5.wav,drilling
7368.wav,drilling
601.wav,drilling
2166.wav,drilling
6666.wav,jackhammer
1222.wav,jackhammer
2521.wav,jackhammer
4212.wav,jackhammer
4731.wav,jackhammer
7295.wav,jackhammer
3979.wav,children_playing
7122.wav,jackhammer
3797.wav,jackhammer
3623.wav,children_playing
3618.wav,jackhammer
4812.wav,children_playing
4564.wav,children_playing
4152.wav,children_playing
4455.wav,children_playing
7926.wav,children_playing
3245.wav,children_playing
3311.wav,children_playing
7123.wav,children_playing
8254.wav,children_playing
7184.wav,children_playing
3132.wav,children_playing
7722.wav,children_playing
8207.wav,siren
8224.wav,children_playing
632.wav,dog_bark
3217.wav,children_playing
7024.wav,children_playing
5330.wav,dog_bark
725.wav,dog_bark
1216.wav,children_playing
7428.wav,dog_bark
3605.wav,children_playing
3557.wav,children_playing
8495.wav,dog_bark
747.wav,dog_bark
5274.wav,engine_idling
8689.wav,children_playing
3139.wav,dog_bark
4891.wav,dog_bark
3057.wav,dog_bark
8331.wav,dog_bark
4811.wav,dog_bark
7474.wav,children_playing
4855.wav,children_playing
3378.wav,dog_bark
5377.wav,dog_bark
1360.wav,dog_bark
3485.wav,dog_bark
3817.wav,dog_bark
2527.wav,dog_bark
5479.wav,car_horn
5162.wav,engine_idling
3377.wav,children_playing
7812.wav,dog_bark
3067.wav,dog_bark
6539.wav,dog_bark
6111.wav,car_horn
4868.wav,car_horn
5675.wav,children_playing
903.wav,children_playing
1254.wav,car_horn
2886.wav,drilling
8340.wav,drilling
5197.wav,drilling
6959.wav,drilling
1067.wav,dog_bark
2459.wav,jackhammer
2518.wav,dog_bark
8642.wav,drilling
7454.wav,jackhammer
1642.wav,jackhammer
4209.wav,children_playing
6218.wav,drilling
8245.wav,drilling
1484.wav,drilling
8132.wav,drilling
879.wav,children_playing
723.wav,drilling
2024.wav,jackhammer
8209.wav,jackhammer
102.wav,jackhammer
3049.wav,drilling
5053.wav,jackhammer
6065.wav,dog_bark
5054.wav,drilling
5665.wav,engine_idling
3684.wav,engine_idling
8661.wav,jackhammer
8669.wav,dog_bark
1907.wav,drilling
4815.wav,dog_bark
1193.wav,car_horn
1354.wav,street_music
5801.wav,drilling
5280.wav,street_music
2475.wav,drilling
3043.wav,street_music
4269.wav,jackhammer
1136.wav,street_music
8017.wav,jackhammer
6176.wav,drilling
4377.wav,children_playing
1389.wav,drilling
8094.wav,dog_bark
5182.wav,dog_bark
1141.wav,engine_idling
4048.wav,drilling
5729.wav,engine_idling
4694.wav,street_music
3002.wav,dog_bark
6795.wav,gun_shot
3456.wav,engine_idling
4023.wav,street_music
1288.wav,street_music
5821.wav,engine_idling
1665 (1).wav,street_music
1665.wav,street_music
1427.wav,children_playing
4088.wav,children_playing
2370.wav,children_playing
3201.wav,street_music
6200.wav,street_music
1641.wav,dog_bark
7962.wav,street_music
7498.wav,children_playing
8648.wav,drilling
3602.wav,dog_bark
5885.wav,street_music
4466.wav,drilling
7182.wav,drilling
6202.wav,siren
4675.wav,children_playing
1239.wav,children_playing
7866.wav,drilling
2519.wav,drilling
3578.wav,dog_bark
6561.wav,drilling
7393.wav,drilling
8039.wav,street_music
4505.wav,siren
5238.wav,siren
4188.wav,children_playing
4423.wav,drilling
5334.wav,children_playing
1823.wav,children_playing
3512.wav,siren
3713.wav,drilling
198.wav,siren
1735.wav,siren
1250.wav,drilling
4929.wav,siren
7703.wav,drilling
6084.wav,drilling
910.wav,drilling
8719.wav,jackhammer
7164.wav,street_music
3521.wav,drilling
8497.wav,drilling
5496.wav,street_music
3996.wav,drilling
5688.wav,drilling
993.wav,drilling
7937.wav,street_music
4109.wav,drilling
6930.wav,siren
3181.wav,children_playing
7394.wav,air_conditioner
5375.wav,street_music
7851.wav,street_music
7583.wav,street_music
4520.wav,street_music
7453.wav,street_music
7402.wav,street_music
8697.wav,siren
5485.wav,children_playing
206.wav,children_playing
4979.wav,children_playing
6680.wav,dog_bark
4399.wav,siren
8645.wav,children_playing
7884.wav,dog_bark
7704.wav,dog_bark
5335.wav,children_playing
3065.wav,children_playing
1609.wav,children_playing
1094.wav,children_playing
7225.wav,children_playing
4477.wav,children_playing
6663.wav,dog_bark
2039.wav,children_playing
7575.wav,jackhammer
7341.wav,jackhammer
4875.wav,jackhammer
789.wav,jackhammer
4031.wav,jackhammer
5024.wav,jackhammer
3704.wav,jackhammer
6669.wav,jackhammer
1153.wav,jackhammer
2649.wav,jackhammer
5104.wav,jackhammer
5420.wav,jackhammer
4710.wav,jackhammer
6627.wav,jackhammer
7132.wav,jackhammer
7852.wav,jackhammer
6581.wav,jackhammer
156.wav,jackhammer
3958.wav,jackhammer
1453.wav,jackhammer
4141.wav,jackhammer
8003.wav,jackhammer
2715.wav,jackhammer
3558.wav,jackhammer
4283.wav,jackhammer
5020.wav,jackhammer
8001.wav,jackhammer
4624.wav,jackhammer
5026.wav,jackhammer
1344.wav,jackhammer
3396.wav,jackhammer
6513.wav,jackhammer
5048.wav,jackhammer
5439.wav,jackhammer
5470.wav,jackhammer
4546.wav,jackhammer
1756.wav,jackhammer
325.wav,jackhammer
6000.wav,jackhammer
617.wav,jackhammer
265.wav,drilling
3957.wav,jackhammer
5929.wav,jackhammer
8633.wav,jackhammer
4813.wav,jackhammer
2692.wav,street_music
795.wav,street_music
5408.wav,street_music
1457.wav,jackhammer
3411.wav,dog_bark
6127.wav,jackhammer
7268.wav,children_playing
398.wav,children_playing
4441.wav,children_playing
6492.wav,children_playing
8126.wav,air_conditioner
7335.wav,jackhammer
5970.wav,children_playing
4230.wav,dog_bark
6577.wav,air_conditioner
4615.wav,street_music
6983.wav,children_playing
517.wav,children_playing
1135.wav,children_playing
3565.wav,children_playing
3829.wav,street_music
5009.wav,street_music
1983.wav,street_music
448.wav,street_music
5425.wav,drilling
1285.wav,drilling
5349.wav,children_playing
166.wav,children_playing
818.wav,children_playing
3773.wav,car_horn
8683.wav,children_playing
529.wav,children_playing
4194.wav,dog_bark
3625.wav,dog_bark
8674.wav,dog_bark
4040.wav,dog_bark
4177.wav,street_music
6383.wav,street_music
6406.wav,street_music
5549.wav,street_music
3716.wav,street_music
6489.wav,street_music
29.wav,siren
6186.wav,siren
4165.wav,siren
6806.wav,car_horn
6334.wav,car_horn
2853.wav,dog_bark
7594.wav,children_playing
8350.wav,children_playing
3122.wav,dog_bark
5327.wav,engine_idling
4318.wav,engine_idling
653.wav,air_conditioner
5685.wav,jackhammer
6615.wav,jackhammer
4136.wav,air_conditioner
1309.wav,jackhammer
8490.wav,jackhammer
8533.wav,jackhammer
8573.wav,jackhammer
3212.wav,children_playing
238.wav,street_music
5419.wav,jackhammer
496.wav,jackhammer
2633.wav,jackhammer
4967.wav,jackhammer
4848.wav,jackhammer
4149.wav,jackhammer
3837.wav,jackhammer
4026.wav,air_conditioner
1494.wav,jackhammer
1524.wav,air_conditioner
6439.wav,air_conditioner
8123.wav,air_conditioner
7774.wav,air_conditioner
4596.wav,dog_bark
6246.wav,dog_bark
2882.wav,dog_bark
7390.wav,dog_bark
8662.wav,dog_bark
3867.wav,dog_bark
2495.wav,dog_bark
3730.wav,dog_bark
4008.wav,siren
8276.wav,dog_bark
2245.wav,dog_bark
2504.wav,street_music
8175.wav,street_music
5295.wav,street_music
5491.wav,children_playing
422.wav,children_playing
5694.wav,children_playing
5775.wav,children_playing
1844.wav,children_playing
2052.wav,children_playing
7533.wav,children_playing
5462.wav,children_playing
6885.wav,children_playing
2860.wav,children_playing
4576.wav,dog_bark
581.wav,dog_bark
466.wav,dog_bark
5748.wav,dog_bark
4949.wav,engine_idling
1504.wav,engine_idling
7166.wav,engine_idling
3513.wav,engine_idling
3448.wav,engine_idling
4600.wav,engine_idling
6064.wav,engine_idling
4385.wav,engine_idling
8398.wav,engine_idling
1815.wav,engine_idling
2359.wav,engine_idling
5536.wav,engine_idling
4005.wav,engine_idling
2755.wav,engine_idling
4809.wav,engine_idling
3007.wav,engine_idling
3746.wav,engine_idling
3631.wav,engine_idling
8583.wav,engine_idling
5830.wav,engine_idling
1065.wav,engine_idling
6996.wav,engine_idling
4292.wav,engine_idling
961.wav,street_music
6363.wav,children_playing
1442.wav,street_music
2731.wav,children_playing
5747.wav,engine_idling
5789.wav,street_music
5510.wav,street_music
8567.wav,street_music
1846.wav,children_playing
3733.wav,street_music
6384.wav,street_music
3145.wav,children_playing
3592.wav,street_music
1221.wav,street_music
5811.wav,dog_bark
4229.wav,dog_bark
7805.wav,dog_bark
5946.wav,children_playing
3857.wav,dog_bark
4908.wav,children_playing
1408.wav,dog_bark
6192.wav,dog_bark
2350.wav,children_playing
8240.wav,children_playing
5517.wav,dog_bark
5550.wav,dog_bark
4768.wav,children_playing
6024.wav,dog_bark
4516.wav,dog_bark
4935.wav,dog_bark
6569.wav,dog_bark
7147.wav,children_playing
6135.wav,children_playing
4512.wav,dog_bark
4910.wav,children_playing
7809.wav,dog_bark
4819.wav,children_playing
3450.wav,dog_bark
2663.wav,dog_bark
4325.wav,dog_bark
531.wav,dog_bark
2437.wav,dog_bark
3991.wav,children_playing
7803.wav,children_playing
3818.wav,street_music
8087.wav,engine_idling
8006.wav,jackhammer
5288.wav,children_playing
6207.wav,dog_bark
1023.wav,jackhammer
2076.wav,dog_bark
4295.wav,children_playing
3380.wav,engine_idling
2938.wav,jackhammer
7676.wav,children_playing
4565.wav,dog_bark
4342.wav,jackhammer
8341.wav,dog_bark
3690.wav,dog_bark
8593.wav,jackhammer
7350.wav,dog_bark
1430.wav,dog_bark
1476.wav,children_playing
4354.wav,jackhammer
1507.wav,dog_bark
254.wav,dog_bark
5166.wav,dog_bark
3946.wav,dog_bark
4127.wav,dog_bark
2565.wav,street_music
2030.wav,drilling
3340.wav,street_music
6533.wav,street_music
143.wav,drilling
4144.wav,street_music
7299.wav,street_music
7953.wav,dog_bark
2032.wav,street_music
2337.wav,street_music
1463.wav,drilling
4597.wav,engine_idling
4484.wav,street_music
2905.wav,engine_idling
5804.wav,children_playing
8041.wav,engine_idling
3601.wav,children_playing
6125.wav,street_music
8007.wav,street_music
5795.wav,street_music
7273.wav,engine_idling
4691.wav,dog_bark
4037.wav,dog_bark
3594.wav,jackhammer
667.wav,drilling
5366.wav,dog_bark
1031.wav,drilling
1263.wav,street_music
2967.wav,drilling
541.wav,drilling
2203.wav,drilling
4373.wav,engine_idling
2003.wav,drilling
6808.wav,drilling
741.wav,drilling
2876.wav,drilling
6904.wav,drilling
888.wav,jackhammer
7799.wav,dog_bark
3723.wav,jackhammer
3386.wav,street_music
6472.wav,street_music
1011.wav,street_music
7103.wav,dog_bark
6190.wav,siren
4124.wav,drilling
2681.wav,street_music
1931.wav,children_playing
3707.wav,children_playing
861.wav,children_playing
387.wav,drilling
3438.wav,children_playing
552.wav,jackhammer
7536.wav,jackhammer
2274.wav,street_music
6313.wav,children_playing
7415.wav,children_playing
4654.wav,drilling
3650.wav,children_playing
8529.wav,dog_bark
1906.wav,street_music
379.wav,street_music
3263.wav,street_music
5809.wav,drilling
4519.wav,drilling
3405.wav,drilling
5116.wav,street_music
508.wav,street_music
345.wav,drilling
4116.wav,street_music
8415.wav,dog_bark
3593.wav,drilling
3339.wav,street_music
1155.wav,drilling
2361.wav,drilling
8222.wav,dog_bark
4644.wav,drilling
793.wav,drilling
6299.wav,drilling
6223.wav,jackhammer
718.wav,drilling
4402.wav,drilling
2841.wav,siren
7902.wav,drilling
7413.wav,jackhammer
8044.wav,drilling
5115.wav,drilling
2221.wav,drilling
6168.wav,jackhammer
7282.wav,jackhammer
5919.wav,drilling
2916.wav,siren
6126.wav,engine_idling
6325.wav,drilling
4053.wav,jackhammer
8629.wav,jackhammer
1064.wav,children_playing
1833.wav,jackhammer
1885.wav,drilling
1264.wav,jackhammer
7435.wav,children_playing
5910.wav,jackhammer
55.wav,jackhammer
4771.wav,jackhammer
2848.wav,jackhammer
4019.wav,air_conditioner
64.wav,drilling
4687.wav,drilling
7832.wav,air_conditioner
8019.wav,air_conditioner
4544.wav,drilling
6433.wav,drilling
1499.wav,drilling
8622.wav,drilling
6275.wav,air_conditioner
1533.wav,air_conditioner
2357.wav,air_conditioner
6240.wav,air_conditioner
416.wav,siren
2866.wav,siren
2559.wav,dog_bark
1964.wav,dog_bark
4309.wav,dog_bark
3313.wav,street_music
7093.wav,dog_bark
5252.wav,dog_bark
1117.wav,street_music
5754.wav,street_music
5958.wav,street_music
5878.wav,street_music
6122.wav,dog_bark
7591.wav,dog_bark
2856.wav,street_music
989.wav,dog_bark
8577.wav,street_music
4347.wav,jackhammer
259.wav,street_music
3412.wav,engine_idling
6905.wav,engine_idling
62.wav,jackhammer
5484.wav,jackhammer
7327.wav,jackhammer
6221.wav,jackhammer
5617.wav,dog_bark
5136.wav,dog_bark
2827.wav,children_playing
1073.wav,dog_bark
7624.wav,drilling
2743.wav,children_playing
5093.wav,street_music
4594.wav,car_horn
2758.wav,drilling
3950.wav,drilling
6788.wav,drilling
4013.wav,drilling
8070 (1).wav,dog_bark
8070.wav,dog_bark
7801.wav,drilling
2165.wav,air_conditioner
7293.wav,children_playing
126.wav,dog_bark
3980.wav,street_music
404.wav,dog_bark
1671 (1).wav,dog_bark
1671.wav,dog_bark
2753.wav,dog_bark
2270.wav,dog_bark
2267.wav,dog_bark
5717.wav,drilling
5235.wav,dog_bark
827.wav,drilling
4689.wav,drilling
3727.wav,drilling
5576.wav,drilling
8708.wav,drilling
2305.wav,drilling
5062.wav,drilling
3928.wav,drilling
6238.wav,drilling
6598.wav,drilling
1379.wav,drilling
5368.wav,drilling
2161.wav,drilling
8390.wav,dog_bark
8556.wav,drilling
8655.wav,drilling
2481.wav,drilling
8256.wav,drilling
7758.wav,drilling
2970.wav,drilling
8040.wav,drilling
762.wav,drilling
2061.wav,drilling
846.wav,drilling
3312.wav,drilling
7957.wav,drilling
7308.wav,drilling
2514.wav,drilling
5563.wav,street_music
4470.wav,drilling
7491.wav,street_music
201.wav,jackhammer
3015.wav,drilling
8109.wav,drilling
1981.wav,drilling
5339.wav,children_playing
4892.wav,children_playing
1194.wav,children_playing
4898.wav,drilling
3035.wav,children_playing
3908.wav,dog_bark
6499.wav,car_horn
7135.wav,car_horn
266.wav,dog_bark
5873.wav,dog_bark
2035.wav,dog_bark
5440.wav,drilling
2973.wav,dog_bark
2387.wav,dog_bark
7484.wav,dog_bark
4941.wav,children_playing
2667.wav,dog_bark
3564.wav,street_music
3019.wav,children_playing
3872.wav,children_playing
5967.wav,siren
2315.wav,dog_bark
1185.wav,children_playing
5861.wav,siren
7427.wav,dog_bark
3010.wav,dog_bark
3204.wav,dog_bark
2767.wav,street_music
4638.wav,dog_bark
2904.wav,street_music
6415.wav,street_music
3494.wav,street_music
4243.wav,drilling
1146.wav,street_music
5975.wav,drilling
5402.wav,street_music
5620.wav,street_music
4312.wav,siren
294.wav,drilling
1039.wav,children_playing
1233.wav,dog_bark
4550.wav,street_music
1543.wav,jackhammer
880.wav,street_music
267.wav,jackhammer
6209.wav,siren
4007.wav,jackhammer
3222.wav,jackhammer
4649.wav,jackhammer
4701.wav,jackhammer
2615.wav,car_horn
296.wav,air_conditioner
960.wav,car_horn
3856.wav,car_horn
4757.wav,dog_bark
649.wav,car_horn
4765.wav,children_playing
6825.wav,air_conditioner
950.wav,children_playing
1810.wav,car_horn
5317.wav,dog_bark
4240.wav,dog_bark
3414.wav,dog_bark
5520.wav,siren
4282.wav,engine_idling
4195.wav,car_horn
7173.wav,siren
3484.wav,car_horn
4047.wav,siren
1852.wav,street_music
4284.wav,dog_bark
4727.wav,street_music
6073.wav,engine_idling
4280.wav,street_music
5708.wav,dog_bark
1676.wav,engine_idling
8461.wav,engine_idling
2897.wav,engine_idling
8574.wav,engine_idling
6803.wav,engine_idling
5792.wav,engine_idling
2075.wav,engine_idling
94.wav,engine_idling
5838.wav,engine_idling
1170.wav,engine_idling
1962.wav,engine_idling
4987.wav,engine_idling
6444.wav,engine_idling
1413.wav,engine_idling
800.wav,engine_idling
1164.wav,engine_idling
2673.wav,engine_idling
6236.wav,engine_idling
7098.wav,engine_idling
7214.wav,engine_idling
3892.wav,engine_idling
6707.wav,engine_idling
8089.wav,engine_idling
8278.wav,engine_idling
7895.wav,engine_idling
6361.wav,engine_idling
150.wav,engine_idling
997.wav,engine_idling
4196.wav,engine_idling
7794.wav,engine_idling
7489.wav,engine_idling
4772.wav,engine_idling
3490.wav,engine_idling
5342.wav,siren
7056.wav,engine_idling
4120.wav,engine_idling
895.wav,engine_idling
3044.wav,engine_idling
8309.wav,siren
3530.wav,engine_idling
5303.wav,engine_idling
3158.wav,drilling
2175.wav,siren
6673.wav,engine_idling
3421.wav,engine_idling
1392.wav,siren
1440.wav,engine_idling
7270.wav,engine_idling
2065.wav,jackhammer
39.wav,engine_idling
6405.wav,siren
389.wav,siren
7407.wav,siren
2809.wav,street_music
786.wav,dog_bark
3638.wav,siren
6758.wav,street_music
6887.wav,dog_bark
8687.wav,dog_bark
3804.wav,dog_bark
8572.wav,siren
1197.wav,siren
3694.wav,car_horn
7045.wav,children_playing
6425.wav,children_playing
8339.wav,siren
8730.wav,car_horn
8413.wav,siren
5969.wav,car_horn
4063.wav,siren
574.wav,car_horn
4322.wav,children_playing
1861.wav,car_horn
2375.wav,car_horn
1646.wav,drilling
5776.wav,car_horn
608.wav,jackhammer
3692.wav,car_horn
6657.wav,car_horn
4434.wav,drilling
5573.wav,jackhammer
8374.wav,car_horn
5066.wav,siren
1081.wav,siren
5449.wav,jackhammer
4151.wav,jackhammer
4489.wav,jackhammer
3976.wav,jackhammer
3022.wav,jackhammer
6859.wav,jackhammer
2768.wav,jackhammer
4885.wav,jackhammer
4608.wav,jackhammer
4465.wav,jackhammer
4751.wav,jackhammer
3576.wav,jackhammer
6269.wav,jackhammer
1171.wav,jackhammer
3722.wav,jackhammer
2187.wav,jackhammer
2654.wav,jackhammer
7749.wav,jackhammer
3794.wav,jackhammer
1474.wav,jackhammer
6701.wav,jackhammer
3937.wav,jackhammer
1313.wav,jackhammer
782.wav,jackhammer
3636.wav,jackhammer
4700.wav,jackhammer
2500.wav,jackhammer
5311.wav,jackhammer
1753.wav,jackhammer
8303.wav,jackhammer
1979.wav,jackhammer
7146.wav,drilling
3447.wav,jackhammer
7662.wav,jackhammer
6251.wav,drilling
5185.wav,drilling
2810.wav,jackhammer
5793.wav,jackhammer
627.wav,jackhammer
204.wav,jackhammer
5752.wav,jackhammer
2167.wav,jackhammer
5383.wav,street_music
5056.wav,street_music
8038.wav,children_playing
5421.wav,street_music
7797.wav,street_music
1587.wav,street_music
4294.wav,children_playing
3174.wav,children_playing
6110.wav,jackhammer
866.wav,street_music
4033.wav,children_playing
931.wav,street_music
2727.wav,children_playing
4471.wav,children_playing
6421.wav,siren
966.wav,siren
8288.wav,children_playing
8158.wav,children_playing
5860.wav,siren
2283.wav,siren
2833.wav,siren
3651.wav,siren
2859.wav,children_playing
6482.wav,children_playing
4915.wav,drilling
3845.wav,drilling
6987.wav,drilling
4865.wav,children_playing
2325.wav,children_playing
1637.wav,siren
157.wav,children_playing
5163.wav,dog_bark
8375.wav,siren
8600.wav,siren
8120.wav,children_playing
8576.wav,children_playing
1998.wav,children_playing
3581.wav,children_playing
4814.wav,gun_shot
7271.wav,siren
2483.wav,street_music
2417.wav,dog_bark
490.wav,siren
2451.wav,street_music
4332.wav,gun_shot
5424.wav,street_music
8426.wav,siren
6430.wav,siren
3563.wav,siren
6704.wav,dog_bark
2348.wav,children_playing
6632.wav,dog_bark
8451.wav,gun_shot
1770.wav,street_music
1456.wav,gun_shot
638.wav,siren
5781.wav,siren
5179.wav,siren
6388.wav,drilling
2590.wav,siren
8652.wav,siren
1130.wav,siren
7778.wav,siren
7037.wav,dog_bark
1420.wav,siren
3198.wav,siren
1990.wav,siren
7104.wav,siren
7127.wav,siren
2365.wav,siren
1159.wav,siren
7670.wav,siren
5939.wav,siren
7752.wav,siren
7773.wav,siren
521.wav,gun_shot
158.wav,street_music
3641.wav,street_music
1234.wav,street_music
2376.wav,street_music
5894.wav,street_music
5516.wav,dog_bark
3028.wav,engine_idling
2816.wav,street_music
1451.wav,car_horn
5647.wav,car_horn
7950.wav,car_horn
2965.wav,car_horn
8163.wav,siren
7606.wav,children_playing
4306.wav,car_horn
2799.wav,car_horn
1184.wav,car_horn
4036.wav,drilling
3620.wav,siren
5379.wav,siren
25.wav,siren
6011.wav,dog_bark
7608.wav,drilling
8548.wav,siren
3907.wav,siren
2011.wav,children_playing
5362.wav,siren
5819.wav,siren
5341.wav,siren
1557.wav,siren
3463.wav,siren
3841.wav,siren
3346.wav,siren
2005.wav,siren
1020.wav,siren
2248.wav,siren
6924.wav,siren
503.wav,siren
1654.wav,siren
4664.wav,siren
1888.wav,siren
6102.wav,siren
3183.wav,engine_idling
4448.wav,siren
1416.wav,siren
6514.wav,siren
1989.wav,children_playing
5738.wav,siren
3572.wav,siren
1403.wav,siren
6106.wav,siren
4368.wav,dog_bark
5531.wav,children_playing
6276.wav,engine_idling
2937.wav,engine_idling
7647.wav,engine_idling
1939.wav,children_playing
3923.wav,engine_idling
1325.wav,children_playing
6228.wav,engine_idling
7757.wav,children_playing
2012.wav,engine_idling
4862.wav,engine_idling
5677.wav,engine_idling
7283.wav,engine_idling
7571.wav,engine_idling
2429.wav,engine_idling
1331.wav,engine_idling
494.wav,engine_idling
6391.wav,engine_idling
759.wav,engine_idling
1426.wav,engine_idling
2336.wav,children_playing
1095.wav,children_playing
3824.wav,children_playing
2688.wav,siren
2155.wav,engine_idling
7296.wav,engine_idling
463.wav,children_playing
2742.wav,children_playing
7632.wav,children_playing
2328.wav,children_playing
1455.wav,children_playing
1509.wav,children_playing
4670.wav,children_playing
6398.wav,jackhammer
2242.wav,children_playing
6849.wav,children_playing
3575.wav,children_playing
4107.wav,children_playing
7719.wav,children_playing
3757.wav,drilling
6876.wav,gun_shot
2629.wav,gun_shot
1617.wav,gun_shot
6396.wav,gun_shot
1784.wav,gun_shot
4760.wav,drilling
5872.wav,gun_shot
3315.wav,children_playing
5924.wav,gun_shot
7921.wav,drilling
1594.wav,car_horn
210.wav,gun_shot
924.wav,gun_shot
3431.wav,street_music
6048.wav,drilling
2672.wav,street_music
6043.wav,children_playing
7466.wav,drilling
2281.wav,drilling
73.wav,street_music
51.wav,drilling
3617.wav,drilling
1793.wav,drilling
7181.wav,drilling
6447.wav,drilling
4696.wav,street_music
8585.wav,street_music
2079.wav,street_music
1211.wav,street_music
7434.wav,street_music
4719.wav,street_music
2234.wav,street_music
3384.wav,street_music
4631.wav,street_music
4043.wav,street_music
5249.wav,street_music
1343.wav,street_music
6257.wav,children_playing
1821.wav,street_music
2675.wav,street_music
2128.wav,street_music
2092.wav,children_playing
592.wav,street_music
6672.wav,children_playing
127.wav,engine_idling
8481.wav,children_playing
944.wav,children_playing
3488.wav,children_playing
5938.wav,engine_idling
2146.wav,children_playing
947.wav,children_playing
4673.wav,children_playing
4951.wav,dog_bark
6868.wav,children_playing
7841.wav,street_music
3786.wav,dog_bark
1362.wav,children_playing
344.wav,children_playing
443.wav,children_playing
7549.wav,dog_bark
6833.wav,dog_bark
2874.wav,children_playing
2476.wav,children_playing
3149.wav,street_music
3715.wav,children_playing
4517.wav,dog_bark
609.wav,street_music
5961.wav,children_playing
6950.wav,dog_bark
6613.wav,car_horn
8223.wav,car_horn
7764.wav,car_horn
6208.wav,engine_idling
7940.wav,children_playing
1178.wav,dog_bark
1859.wav,engine_idling
4706.wav,dog_bark
1482.wav,car_horn
7732.wav,dog_bark
7535.wav,dog_bark
1757.wav,engine_idling
5794.wav,engine_idling
7229.wav,engine_idling
85.wav,engine_idling
6645.wav,engine_idling
8696.wav,engine_idling
2482.wav,engine_idling
806.wav,engine_idling
2015.wav,engine_idling
4845.wav,engine_idling
1582.wav,engine_idling
3527.wav,engine_idling
6917.wav,engine_idling
6801.wav,engine_idling
4302.wav,engine_idling
4774.wav,engine_idling
7967.wav,engine_idling
5981.wav,engine_idling
949.wav,engine_idling
1127.wav,engine_idling
4497.wav,engine_idling
6705.wav,engine_idling
6261.wav,engine_idling
1965.wav,engine_idling
1050.wav,dog_bark
3677.wav,engine_idling
7420.wav,dog_bark
1307.wav,engine_idling
1723.wav,engine_idling
8328.wav,engine_idling
4797.wav,engine_idling
1046.wav,engine_idling
7291.wav,street_music
3977.wav,street_music
4939.wav,children_playing
5016.wav,children_playing
483.wav,street_music
2877.wav,street_music
2533.wav,street_music
7923.wav,jackhammer
8031.wav,drilling
6113.wav,children_playing
5629.wav,drilling
7317.wav,drilling
3203.wav,drilling
109.wav,drilling
287.wav,drilling
8226.wav,drilling
2626.wav,drilling
1387.wav,drilling
7021.wav,drilling
4802.wav,drilling
3573.wav,drilling
5325.wav,drilling
3253.wav,drilling
7691.wav,drilling
4548.wav,drilling
7416.wav,drilling
6586.wav,drilling
1627.wav,drilling
5606.wav,drilling
6006.wav,street_music
4395.wav,street_music
6185.wav,dog_bark
7934.wav,street_music
3243.wav,street_music
8059.wav,street_music
994.wav,dog_bark
4930.wav,siren
5388.wav,dog_bark
1625.wav,siren
1172.wav,engine_idling
1333.wav,street_music
650.wav,dog_bark
5008.wav,siren
3252.wav,children_playing
2520.wav,children_playing
6458.wav,children_playing
1650.wav,children_playing
7318.wav,jackhammer
775.wav,dog_bark
2255.wav,children_playing
8506.wav,children_playing
1993.wav,street_music
5593.wav,street_music
7628.wav,street_music
89.wav,street_music
7816.wav,siren
7984.wav,drilling
1878.wav,siren
5853.wav,drilling
6784.wav,siren
5012.wav,siren
4251.wav,siren
504.wav,street_music
6519.wav,drilling
2762.wav,drilling
4552.wav,drilling
1490.wav,siren
4344.wav,drilling
4192.wav,siren
831.wav,siren
1383.wav,drilling
7481.wav,drilling
1762.wav,drilling
3849.wav,drilling
2535.wav,street_music
4555.wav,drilling
6890.wav,drilling
6940.wav,children_playing
3385.wav,children_playing
3777.wav,drilling
514.wav,jackhammer
2563.wav,engine_idling
3080.wav,siren
2320.wav,drilling
1955.wav,siren
3184.wav,siren
7099.wav,siren
2968.wav,siren
4922.wav,street_music
1811.wav,children_playing
2630.wav,siren
1364.wav,children_playing
3810.wav,siren
5404.wav,siren
154.wav,siren
6720.wav,siren
5986.wav,siren
2442.wav,siren
2288.wav,children_playing
183.wav,dog_bark
298.wav,dog_bark
2334.wav,children_playing
8373.wav,siren
4479.wav,dog_bark
6686.wav,siren
7396.wav,siren
2745.wav,children_playing
8117.wav,dog_bark
5899.wav,siren
5898.wav,siren
7925.wav,siren
6867.wav,children_playing
6814.wav,siren
4405.wav,air_conditioner
4383.wav,air_conditioner
3524.wav,siren
7960.wav,siren
6789.wav,siren
908.wav,air_conditioner
641.wav,siren
1644.wav,siren
852.wav,siren
4115.wav,street_music
6612.wav,dog_bark
2239.wav,air_conditioner
3193.wav,children_playing
6798.wav,dog_bark
2041.wav,dog_bark
1838.wav,siren
5978.wav,children_playing
2202.wav,dog_bark
111.wav,dog_bark
779.wav,dog_bark
1905.wav,siren
112.wav,children_playing
4025.wav,street_music
2778.wav,children_playing
1972.wav,street_music
1407.wav,street_music
6828.wav,children_playing
6827.wav,street_music
3989.wav,dog_bark
3124.wav,street_music
5410.wav,dog_bark
2895.wav,dog_bark
5651.wav,dog_bark
8139.wav,jackhammer
890.wav,dog_bark
2406.wav,dog_bark
6834.wav,dog_bark
988.wav,jackhammer
1372.wav,jackhammer
1657.wav,jackhammer
8671.wav,jackhammer
5728.wav,jackhammer
4859.wav,jackhammer
8680.wav,jackhammer
441.wav,jackhammer
2034.wav,siren
1785.wav,siren
1600.wav,siren
2471.wav,siren
8516.wav,siren
155.wav,siren
5286.wav,siren
5931.wav,jackhammer
1110.wav,siren
1283.wav,children_playing
7834.wav,siren
2381.wav,siren
6913.wav,jackhammer
2852.wav,siren
1576.wav,siren
7106.wav,siren
7281.wav,jackhammer
3374.wav,jackhammer
8054.wav,street_music
6281.wav,street_music
7693.wav,jackhammer
548.wav,street_music
6919.wav,jackhammer
3562.wav,drilling
7668.wav,children_playing
4133.wav,jackhammer
2522.wav,street_music
3897.wav,drilling
5123.wav,drilling
8203.wav,street_music
6916.wav,gun_shot
2060.wav,drilling
1911.wav,gun_shot
668.wav,gun_shot
6709.wav,gun_shot
1163.wav,gun_shot
6407.wav,gun_shot
2749.wav,gun_shot
6624.wav,gun_shot
2609.wav,gun_shot
5337.wav,gun_shot
3570.wav,gun_shot
6147.wav,gun_shot
3835.wav,gun_shot
373.wav,gun_shot
6870.wav,gun_shot
5696.wav,gun_shot
3300.wav,gun_shot
5293.wav,gun_shot
596.wav,gun_shot
2400.wav,gun_shot
1920.wav,gun_shot
2383.wav,gun_shot
1421.wav,drilling
1122.wav,dog_bark
4156.wav,dog_bark
7243.wav,street_music
393.wav,dog_bark
7782.wav,dog_bark
5131.wav,gun_shot
3858.wav,dog_bark
58.wav,dog_bark
7395.wav,dog_bark
262.wav,dog_bark
1401.wav,dog_bark
2814.wav,dog_bark
8376.wav,dog_bark
5787.wav,dog_bark
4410.wav,dog_bark
6670.wav,dog_bark
591.wav,dog_bark
7033.wav,dog_bark
1373.wav,dog_bark
8551.wav,dog_bark
6713.wav,dog_bark
5098.wav,dog_bark
1101.wav,dog_bark
6525.wav,dog_bark
5161.wav,dog_bark
3701.wav,dog_bark
5306.wav,dog_bark
2296.wav,dog_bark
8149.wav,dog_bark
3111.wav,dog_bark
5622.wav,dog_bark
637.wav,dog_bark
3952.wav,dog_bark
194.wav,dog_bark
4878.wav,children_playing
6105.wav,street_music
5443.wav,street_music
5030.wav,dog_bark
3655.wav,street_music
1721.wav,street_music
1093.wav,street_music
3361.wav,street_music
2694.wav,street_music
8537.wav,street_music
6039.wav,air_conditioner
5399.wav,street_music
3393.wav,children_playing
6762.wav,children_playing
7090.wav,children_playing
3116.wav,children_playing
2618.wav,street_music
6576.wav,children_playing
939.wav,dog_bark
4245.wav,dog_bark
6571.wav,children_playing
5836.wav,dog_bark
7477.wav,dog_bark
1539.wav,car_horn
7044.wav,dog_bark
3612.wav,children_playing
2232.wav,children_playing
2457.wav,dog_bark
5972.wav,children_playing
5167.wav,dog_bark
2294.wav,street_music
144.wav,children_playing
4214.wav,dog_bark
3368.wav,siren
2110.wav,children_playing
6796.wav,children_playing
1692.wav,children_playing
231.wav,children_playing
4305.wav,children_playing
3926.wav,siren
4982.wav,dog_bark
1559.wav,dog_bark
5120.wav,dog_bark
2817.wav,street_music
4897.wav,jackhammer
4488.wav,street_music
7421.wav,street_music
8250.wav,street_music
2820.wav,street_music
7348.wav,dog_bark
1707.wav,children_playing
2720.wav,dog_bark
5810.wav,children_playing
5945.wav,children_playing
3912.wav,children_playing
5875.wav,children_playing
6373.wav,children_playing
7355.wav,gun_shot
7357.wav,children_playing
2469.wav,children_playing
2554.wav,gun_shot
4167.wav,gun_shot
5579.wav,gun_shot
788.wav,gun_shot
2207.wav,gun_shot
5152.wav,gun_shot
6968.wav,gun_shot
6399.wav,car_horn
2786.wav,siren
7692.wav,car_horn
7300.wav,engine_idling
2826.wav,engine_idling
7661.wav,siren
2655.wav,engine_idling
5490.wav,siren
967.wav,street_music
7958.wav,street_music
5015.wav,street_music
1575.wav,siren
7974.wav,street_music
8136.wav,children_playing
602.wav,street_music
7511.wav,street_music
5814.wav,children_playing
6128.wav,engine_idling
129.wav,children_playing
8235.wav,children_playing
3141.wav,children_playing
2367.wav,drilling
5101.wav,children_playing
98.wav,siren
5686.wav,siren
8197.wav,children_playing
6854.wav,drilling
8454.wav,siren
6944.wav,siren
169 (1).wav,dog_bark
2377.wav,dog_bark
2883.wav,dog_bark
4957.wav,children_playing
434.wav,air_conditioner
169.wav,dog_bark
7461.wav,dog_bark
4052.wav,air_conditioner
5532.wav,air_conditioner
6863.wav,dog_bark
237.wav,dog_bark
6400.wav,siren
3633.wav,street_music
7351.wav,car_horn
1167.wav,street_music
8367.wav,dog_bark
6794.wav,dog_bark
3424.wav,street_music
8468.wav,street_music
7991.wav,street_music
8487.wav,street_music
